exp_name,Batch,test_loss,mean_length,n_samples,uniq_samples,ratio_of_steps,melodicity,tonality,G_loss,D_loss_0,Accuracy_0,D_loss_1,Accuracy_1,D_loss_2,Accuracy_2,D_loss_3,Accuracy_3,D_loss_4,Accuracy_4
melodicity,0,8.48718261719,103.89528125,32000,31011,0.251669468101,0.101908872246,0.0518196753667,10.3171300888,1.86747252941,1.0,1.88233447075,1.0,1.83691525459,1.0,1.82193136215,1.0,1.90640091896,0.875
